Player_Pos_X,Player_Pos_Y,Player_Pos_Z
0,9,0
1,5,1
2,5,2
3,5,3
4,5,4
5,5,5
6,5,5
7,5,5
8,5,5
9,5,5
10,5,5
12,6,5
14,6,5
16,6,5
18,6,5
20,6,5
23,7,5
25,7,5
28,7,5
31,7,5
34,7,5
37,7,5
40,7,4
43,7,4
46,7,4
49,8,4
52,7,4
56,8,4
59,7,4
62,8,4
65,7,4
68,7,4
71,7,4
74,7,4
77,7,4
80,7,4
83,7,4
86,7,4
89,7,4
92,7,4
95,6,4
98,6,4
101,6,4
104,6,4
107,5,4
110,5,4
113,6,4
116,5,4
119,5,4
122,5,4
125,5,4
128,5,4
131,5,4
134,5,4
137,6,4
140,5,4
143,6,4
146,5,4
149,6,4
152,5,4
155,6,4
158,6,4
161,6,4
164,6,4
167,6,4
170,6,4
173,6,4
176,6,4
179,6,4
182,6,4
185,6,4
188,6,4
190,6,4
193,6,4
196,6,4
198,6,4
201,6,4
205,6,4
208,6,4
211,6,4
214,6,4
217,6,4
220,5,4
223,5,4
226,5,4
229,5,4
232,6,4
235,5,4
238,6,4
241,5,4
244,5,4
247,5,4
250,5,4
253,5,4
256,5,4
259,5,4
261,5,5
264,5,5
267,5,5
270,5,5
272,5,5
275,5,5
278,5,5
280,5,5
283,5,5
286,5,5
289,5,4
292,5,4
295,5,4
296,5,4
296,5,5
296,5,6
295,5,7
295,5,8
295,5,9
294,6,9
293,6,9
292,5,9
291,5,9
289,5,9
288,5,9
286,5,9
284,5,9
282,6,9
280,5,9
277,5,9
275,5,9
272,5,9
269,5,9
266,5,9
263,5,9
260,5,9
257,5,9
254,5,9
251,5,9
248,6,9
245,6,9
242,5,9
239,5,9
236,5,9
233,5,9
230,5,9
227,5,10
225,5,10
221,5,10
218,5,10
216,6,10
213,6,10
210,6,10
207,6,10
204,6,10
201,6,10
197,6,10
195,6,10
191,6,10
188,6,10
185,6,10
182,6,10
179,6,10
176,6,10
173,6,10
171,6,10
168,6,10
164,6,10
162,6,10
158,6,10
155,6,10
152,6,10
149,5,10
146,5,10
143,5,10
140,5,10
137,5,10
134,6,10
131,6,10
128,5,10
125,5,10
122,5,10
119,5,10
116,5,10
112,5,10
109,6,10
106,6,10
103,6,10
100,6,10
97,6,10
95,7,10
92,7,10
89,7,10
86,7,10
83,7,10
81,7,10
78,7,10
76,8,10
73,7,10
70,7,10
67,7,10
64,7,10
61,7,10
58,7,10
54,7,10
51,7,10
48,7,10
46,7,10
43,7,10
40,7,10
37,7,10
34,7,10
31,7,10
28,7,10
25,7,10
22,7,10
20,6,10
17,6,10
15,6,10
12,6,10
9,5,10
6,5,10
4,5,10
3,5,9
3,5,10
3,5,11
4,5,12
4,5,13
5,5,15
5,5,16
6,5,18
7,5,18
8,5,18
9,5,18
10,5,18
11,5,18
13,6,18
14,6,18
16,6,18
18,6,18
20,6,18
23,6,18
25,7,18
28,7,18
31,7,18
34,7,18
37,7,18
40,7,18
43,7,18
46,7,18
49,7,18
52,7,18
55,7,18
58,7,18
61,7,18
64,7,18
67,7,18
70,7,18
73,7,18
76,7,18
79,7,18
82,7,18
85,7,18
88,7,18
91,7,18
94,7,18
97,7,18
99,6,18
102,6,17
105,6,17
109,6,17
112,6,17
115,5,17
118,6,17
121,5,17
124,5,17
127,5,17
130,5,17
133,5,17
136,5,17
139,5,17
142,6,17
145,6,17
148,6,17
151,6,17
154,6,17
157,6,17
160,6,17
163,6,17
166,6,17
169,6,17
172,6,17
175,6,17
178,6,17
181,6,17
184,6,17
187,6,17
190,6,17
193,6,17
196,6,17
199,6,17
202,6,17
205,6,17
208,6,16
211,6,16
214,6,16
217,6,16
219,6,16
222,5,16
225,5,16
228,5,16
231,5,16
234,5,16
237,5,16
240,5,16
243,5,16
246,5,16
249,6,15
252,6,15
255,6,15
258,5,15
261,5,15
264,5,15
267,6,15
270,5,15
273,5,15
275,5,15
278,5,15
280,5,15
283,5,15
286,5,15
289,5,15
292,5,15
295,5,15
297,5,15
298,5,15
297,6,16
296,5,16
296,5,17
295,5,18
295,5,19
294,5,19
293,5,19
292,6,19
291,5,19
290,5,19
288,5,19
287,5,19
285,5,19
283,5,19
281,5,19
278,5,19
276,6,19
273,5,19
270,5,19
267,5,19
264,5,19
261,5,19
258,5,19
255,6,19
252,5,19
249,5,19
246,6,19
243,5,19
240,6,19
237,5,19
234,5,19
231,5,19
227,5,19
224,5,19
221,5,19
218,5,19
215,6,19
212,6,19
209,6,19
206,6,19
203,6,19
200,6,19
197,6,19
194,6,19
191,6,19
188,6,19
185,6,19
182,6,19
179,6,19
176,6,19
173,6,19
170,6,19
167,6,19
164,6,19
161,6,19
158,6,19
155,6,19
152,6,19
149,6,19
146,5,19
143,5,19
140,5,19
137,5,19
134,5,19
130,6,19
127,5,19
124,5,19
121,6,19
118,5,19
115,6,19
112,5,19
109,6,18
106,6,18
103,6,18
101,6,19
98,6,19
95,7,19
92,7,19
89,7,19
86,7,19
84,7,19
81,7,19
78,7,19
75,7,19
72,7,19
69,7,19
66,8,19
63,7,19
60,7,19
57,7,19
54,8,19
51,7,19
48,7,19
45,7,19
42,7,19
39,7,19
36,7,19
33,7,19
30,7,19
27,7,19
24,6,20
21,6,20
18,6,20
15,6,20
12,5,20
11,5,20
9,5,20
8,5,19
7,5,19
6,5,19
5,5,20
5,5,21
5,5,22
5,5,23
5,5,24
6,5,24
7,5,24
8,5,24
9,5,24
10,5,24
12,5,24
14,5,24
16,6,24
18,6,24
20,6,24
23,6,24
26,6,24
28,7,24
31,7,24
34,7,24
37,7,24
40,7,24
43,7,24
46,7,24
49,7,24
53,7,24
56,7,24
59,7,24
62,7,24
65,8,24
68,7,24
71,7,24
74,7,24
77,7,24
80,7,24
83,7,24
86,7,24
89,7,24
92,7,24
95,7,24
98,7,24
101,6,24
104,6,24
107,6,24
110,6,24
113,6,24
116,6,24
119,5,24
122,5,24
125,5,24
128,5,24
131,5,24
134,5,24
137,5,24
141,5,24
144,5,24
147,5,24
150,6,24
153,6,23
156,6,23
159,6,23
161,6,23
164,6,24
166,6,24
169,6,24
172,6,24
175,6,24
179,6,24
182,6,24
185,6,24
188,6,24
191,6,24
194,6,24
197,6,24
200,6,24
203,6,24
206,6,24
209,6,24
211,6,24
214,6,24
217,5,24
220,6,24
223,5,24
226,5,24
230,5,24
233,6,24
235,6,24
238,5,24
241,5,25
244,6,25
247,5,25
249,6,25
252,5,25
255,5,24
258,5,24
261,5,24
264,5,24
267,5,24
270,5,24
273,5,24
276,5,24
279,5,24
282,5,24
285,5,24
287,5,24
290,5,24
292,5,24
295,5,24
296,5,24
296,5,25
296,5,26
295,5,27
295,5,28
295,5,29
294,5,30
293,5,30
292,5,30
291,5,30
290,5,30
289,5,30
287,5,30
285,5,30
283,5,30
281,5,30
279,5,30
276,5,30
273,5,30
270,6,30
267,5,30
264,6,30
261,5,30
258,5,30
255,5,30
252,6,30
249,5,30
246,5,30
243,5,30
240,5,30
237,5,30
233,5,30
230,5,30
227,5,30
224,5,30
221,5,30
218,5,30
215,5,30
212,6,30
209,6,30
206,6,30
203,6,30
200,6,30
197,6,30
194,6,30
191,6,30
188,6,30
185,6,30
182,6,30
179,6,30
175,6,30
172,6,30
169,6,30
167,6,30
163,6,30
160,6,30
157,6,30
154,6,30
152,6,30
149,6,30
146,6,30
143,5,30
140,5,30
137,5,30
133,5,30
130,6,30
127,5,30
124,5,30
121,5,30
118,6,30
115,6,30
112,6,30
109,6,30
106,6,30
103,6,30
100,6,30
97,7,30
94,7,30
91,7,30
88,7,30
85,7,30
82,7,30
79,7,30
76,7,30
73,7,30
70,7,30
68,7,30
65,7,30
62,7,30
59,7,30
56,7,30
53,7,30
50,7,30
47,7,30
44,7,30
41,7,30
38,7,30
35,7,30
32,7,30
29,6,30
26,6,30
23,6,30
20,6,30
17,6,30
14,5,30
11,5,30
8,5,30
5,5,30
4,5,30
4,5,31
4,5,32
4,6,33
5,5,35
6,5,35
7,5,35
8,5,35
9,5,35
11,5,35
13,5,35
15,5,35
17,5,35
19,6,35
21,6,35
24,6,35
27,6,35
30,6,35
33,6,36
35,6,35
38,7,35
40,7,35
43,7,35
46,7,35
49,7,35
52,7,35
55,7,35
59,7,35
62,7,35
65,7,35
68,7,35
71,7,35
74,7,35
77,7,35
80,7,35
83,7,35
86,7,35
89,7,35
92,7,35
95,7,35
98,7,35
101,6,35
104,6,35
107,6,35
110,6,35
113,6,34
116,6,34
118,6,34
119,6,34
120,6,35
121,5,35
123,5,35
124,5,35
126,5,35
128,5,35
130,5,35
133,5,35
135,5,35
138,6,35
141,5,35
144,5,35
147,6,35
150,6,35
153,6,35
156,6,35
160,6,35
163,6,35
166,6,35
169,6,35
172,6,35
175,6,35
178,6,35
181,7,35
184,6,35
187,6,35
190,6,35
193,6,35
196,6,35
199,6,35
202,6,35
205,6,35
208,6,35
211,6,35
214,5,35
217,6,35
220,5,35
223,5,35
226,5,35
229,5,35
232,5,35
235,5,35
237,5,35
238,5,35
239,6,35
240,5,35
241,5,35
243,6,35
245,5,35
247,6,35
249,5,35
251,5,35
254,5,35
257,5,35
259,5,35
262,5,35
265,6,35
268,6,35
271,5,35
274,5,35
277,5,34
280,5,34
283,5,34
285,5,34
288,5,34
291,5,34
294,5,35
296,5,35
296,5,36
295,5,37
295,5,38
295,5,39
294,6,40
293,5,40
292,5,40
291,5,40
289,6,40
288,5,40
287,5,40
286,5,40
284,5,40
283,6,40
281,5,40
279,5,40
277,5,40
274,5,40
272,5,40
269,5,40
266,5,40
263,5,40
259,6,40
256,5,40
253,6,40
250,5,40
247,5,40
244,5,40
241,5,40
238,5,40
235,5,40
232,5,40
229,5,40
226,6,40
222,5,40
219,5,40
216,5,40
213,6,40
210,6,40
207,6,40
204,6,40
201,6,40
198,6,40
195,6,40
191,6,40
188,6,40
185,6,40
182,6,40
179,7,41
176,7,41
173,7,41
170,6,41
167,6,41
164,6,41
161,6,41
158,6,41
155,6,41
151,6,41
148,6,41
145,6,41
142,6,41
139,5,41
136,5,41
133,5,41
130,5,41
127,5,41
124,5,41
120,5,41
118,6,41
116,6,41
114,6,41
112,6,41
111,6,41
110,6,41
108,6,41
106,6,41
104,6,40
102,6,40
99,7,40
97,7,40
94,7,40
91,7,40
87,7,40
84,7,40
81,7,40
79,7,40
75,7,40
72,7,40
69,7,40
66,7,40
63,7,40
60,7,40
57,7,40
54,7,40
51,7,40
49,7,40
46,7,40
44,7,40
41,7,40
38,6,40
35,6,40
32,6,40
29,6,40
26,6,40
23,5,40
20,5,40
17,5,40
14,5,40
11,5,40
8,6,40
5,5,40
2,5,40
3,5,40
3,5,41
3,5,42
4,6,43
4,5,44
5,5,45
6,5,45
7,5,45
8,5,45
9,5,45
10,5,45
12,6,45
14,5,45
16,5,45
18,5,45
21,6,45
24,6,45
27,6,45
30,6,45
33,6,45
36,6,45
39,6,45
42,6,45
45,6,45
48,6,45
51,7,45
54,7,45
57,7,45
60,7,45
63,7,45
66,7,45
69,7,44
72,7,44
75,7,44
78,7,44
81,7,44
85,7,44
88,7,44
91,7,44
94,7,44
97,7,44
100,7,44
103,6,44
106,6,44
110,6,44
113,6,44
116,6,44
119,6,44
122,6,44
125,5,44
128,5,44
131,5,44
135,5,44
138,5,44
141,5,44
144,5,44
147,6,44
150,6,44
153,6,44
156,6,44
159,6,44
162,6,44
165,6,44
168,6,44
172,7,44
175,7,44
178,7,44
181,6,44
184,6,44
187,6,44
190,6,44
193,6,44
196,6,44
199,6,44
201,6,44
204,6,44
207,6,44
210,6,44
213,5,44
216,6,44
219,5,44
223,5,44
226,5,44
229,6,44
232,6,44
235,5,44
238,5,44
241,5,44
244,6,44
248,5,44
250,5,44
253,5,44
255,6,44
258,5,44
261,5,44
264,5,44
268,6,44
271,6,44
274,5,44
277,5,44
280,5,44
282,5,44
285,5,44
287,5,44
290,5,44
294,5,45
296,6,45
296,6,46
295,5,47
295,5,48
295,5,49
294,5,50
293,5,50
292,5,50
291,5,50
290,5,50
288,6,50
287,5,50
285,5,50
283,5,50
281,6,50
278,5,50
275,5,50
273,5,50
270,5,50
266,5,50
263,5,50
260,6,50
257,6,50
254,5,50
251,5,50
248,5,50
245,5,50
242,5,50
239,5,50
235,6,50
232,6,50
229,5,50
226,6,50
223,5,50
220,5,50
217,5,50
214,5,50
211,5,50
207,6,50
204,6,50
201,6,50
198,6,50
195,6,50
192,6,50
189,6,50
186,6,50
183,6,50
180,7,50
176,7,50
173,7,50
170,7,50
167,6,50
164,6,50
161,6,50
157,6,50
154,6,50
151,6,50
148,6,50
145,6,50
141,5,50
138,5,50
135,5,50
132,5,50
129,5,50
126,5,50
122,5,50
119,6,50
116,6,50
113,6,50
110,6,50
107,6,50
104,6,50
101,6,50
98,7,50
95,7,50
92,7,50
89,7,50
86,7,50
83,7,50
80,7,50
76,7,50
73,7,50
70,7,50
67,7,50
64,7,50
60,7,50
57,7,50
55,6,50
51,6,50
48,6,50
45,6,50
42,6,50
39,6,50
36,6,50
33,6,50
30,6,50
27,6,50
25,6,50
22,6,50
19,5,50
16,6,50
13,6,50
10,5,50
7,5,49
5,5,49
3,5,49
2,5,49
2,5,50
3,5,50
3,6,51
3,5,52
4,5,53
4,6,54
5,6,55
6,6,55
7,6,55
8,6,56
9,6,56
10,6,56
12,6,56
14,6,56
16,6,56
18,6,56
20,6,56
23,6,56
26,6,56
29,6,56
32,6,56
35,6,56
38,6,56
41,6,56
44,6,56
47,6,56
51,6,56
54,6,56
57,6,56
60,6,56
62,6,56
65,7,56
67,7,56
70,7,56
73,7,56
77,7,56
80,7,56
83,7,56
86,7,56
89,7,56
92,7,56
95,7,56
98,7,55
101,6,55
105,6,55
108,6,55
111,6,55
114,6,55
118,6,55
121,6,55
124,5,55
127,5,55
130,5,55
133,5,55
137,5,55
140,6,55
143,6,55
146,6,55
149,6,55
152,6,55
155,6,55
158,6,55
161,6,55
164,6,55
166,6,55
169,7,55
172,7,55
175,7,55
178,7,55
181,6,55
184,6,55
187,6,55
190,6,55
193,6,55
196,6,55
199,6,55
202,6,55
205,6,55
208,5,55
212,5,55
215,5,55
218,5,55
221,5,55
224,5,55
227,5,55
230,5,55
233,5,55
236,6,55
239,5,55
242,5,55
245,5,55
249,6,55
252,5,55
255,5,55
257,5,55
260,5,55
263,5,55
266,5,55
269,6,55
272,5,55
275,5,55
278,5,55
281,6,55
284,5,54
287,5,54
289,5,54
291,5,54
293,5,55
294,6,55
295,5,55
295,5,56
295,5,57
295,5,58
295,6,59
294,5,60
293,5,60
292,5,60
291,6,60
290,5,60
289,5,60
287,5,60
286,5,60
284,5,60
281,5,60
279,5,60
276,5,60
273,5,60
270,6,60
267,5,60
264,6,60
261,5,60
258,5,60
254,5,60
251,5,60
248,5,60
245,6,60
242,5,60
239,5,60
236,5,60
233,5,60
230,5,60
227,6,60
223,6,60
220,5,60
217,5,60
214,5,60
211,5,60
207,5,60
204,5,60
201,6,60
198,6,60
195,6,60
191,6,60
188,6,60
185,6,60
182,6,60
179,6,60
176,7,60
173,7,60
170,7,60
167,6,60
164,6,60
160,6,60
157,6,60
154,6,60
151,6,60
148,6,60
145,6,60
142,6,60
139,6,60
136,5,60
133,5,60
130,6,60
126,5,60
123,5,60
120,5,60
117,6,60
114,6,60
111,6,60
108,6,60
104,6,60
101,6,60
98,6,60
95,7,60
92,7,60
89,7,60
86,7,60
83,7,60
80,7,60
77,7,59
74,7,59
71,7,59
68,6,59
64,6,59
61,6,59
58,6,59
55,6,59
52,6,59
49,6,59
46,6,59
43,6,59
40,6,59
37,6,59
35,6,59
32,6,59
29,6,59
26,6,59
23,6,59
20,6,59
17,6,59
14,6,59
11,6,60
8,6,60
6,6,60
5,6,60
4,6,59
4,6,60
4,6,61
4,6,62
4,6,63
4,7,64
4,7,65
5,7,65
6,7,65
7,7,65
9,7,65
10,7,65
12,7,65
13,7,65
15,7,65
18,7,65
20,7,65
22,7,65
25,7,65
28,6,65
31,6,65
34,6,65
37,6,65
41,6,65
44,6,65
46,6,65
48,6,65
50,6,65
51,6,65
52,6,65
53,6,65
54,6,65
56,6,65
58,6,65
60,6,65
62,6,65
65,6,65
68,6,65
71,6,65
74,6,65
77,7,65
80,7,65
83,7,65
86,7,65
89,7,65
93,7,65
95,6,65
97,6,65
99,6,65
100,6,65
101,6,65
102,6,65
103,6,65
105,6,65
107,6,65
109,6,65
111,6,65
114,6,65
117,5,65
120,5,65
123,5,65
126,5,65
129,5,65
132,6,65
136,6,65
139,6,65
142,6,65
145,6,65
148,6,65
151,6,65
155,6,65
158,6,65
161,6,65
164,6,65
167,6,65
170,7,65
173,7,65
176,6,65
179,6,65
182,6,65
185,6,65
188,6,65
191,6,65
194,6,65
197,6,65
201,5,65
204,5,65
207,5,65
210,6,65
213,5,65
216,5,65
219,5,65
222,5,65
225,5,65
228,5,65
231,5,65
234,5,65
237,5,65
239,5,65
242,5,65
245,6,65
248,5,65
251,5,65
254,5,65
257,5,65
260,5,65
263,6,65
267,5,65
269,5,65
272,5,65
275,5,65
277,5,65
280,5,65
283,5,65
286,5,65
289,5,65
292,5,65
295,5,65
298,5,65
300,5,65
300,5,66
299,5,66
299,5,67
298,5,67
297,5,68
296,5,68
295,5,69
294,6,70
293,5,70
292,5,70
291,6,70
290,5,69
289,5,69
287,5,69
286,5,69
284,5,69
282,5,69
279,5,69
276,5,69
273,5,69
270,5,69
267,5,69
264,5,69
261,5,69
258,5,69
254,5,69
251,6,69
248,6,69
245,5,69
242,5,69
239,5,69
236,5,69
233,5,69
230,5,69
226,5,69
223,5,69
220,5,69
217,6,69
214,5,69
211,5,69
208,5,69
205,5,69
201,6,69
198,6,69
195,6,69
192,6,69
189,6,69
186,6,69
183,6,69
180,6,69
177,6,69
174,6,69
170,7,69
167,7,69
164,6,69
161,6,69
158,6,69
155,6,69
151,6,69
148,6,69
145,6,69
142,6,69
139,6,69
136,5,69
133,6,69
130,5,69
127,5,69
125,5,69
122,5,69
119,5,69
116,6,69
113,6,69
110,6,69
107,6,69
104,6,69
101,6,69
98,6,69
95,6,69
91,6,69
89,6,69
85,6,69
82,6,69
80,6,69
77,6,69
75,6,69
72,6,69
68,6,69
65,6,69
62,6,69
59,6,69
56,6,69
53,6,69
50,6,69
47,6,69
44,6,69
41,6,69
38,6,69
35,7,69
32,7,69
28,7,69
25,7,69
22,7,69
19,7,69
16,7,69
13,7,69
10,7,69
7,7,69
4,7,69
1,7,70
2,7,71
2,7,72
3,7,72
4,7,73
4,7,74
5,7,74
6,7,74
7,7,74
8,7,74
10,7,74
11,7,74
13,7,74
15,7,74
17,7,74
20,7,74
22,7,74
25,7,74
28,7,74
31,7,74
34,7,74
37,7,74
40,7,74
44,6,74
47,6,74
50,6,74
53,6,74
56,6,74
59,6,74
62,6,74
65,6,74
68,6,74
71,6,74
74,6,74
77,6,74
80,6,74
83,6,74
87,6,74
90,6,74
93,6,74
96,6,74
99,6,74
101,6,74
102,6,74
103,6,74
104,6,74
105,6,74
107,6,74
108,6,74
110,6,74
113,6,74
115,5,74
117,6,74
120,5,74
123,5,74
126,5,74
130,5,74
133,5,74
136,6,74
139,5,74
142,6,74
146,6,74
149,6,74
152,6,74
155,6,74
158,6,74
161,6,74
165,7,74
167,7,74
171,7,75
174,6,75
177,6,75
179,6,75
181,6,75
183,6,75
184,6,75
185,6,75
186,6,75
187,6,75
189,6,75
191,6,75
193,6,75
195,6,75
198,5,74
200,6,74
203,5,74
206,5,74
210,5,74
213,5,74
216,5,74
219,5,74
222,5,74
225,5,74
229,6,74
232,5,74
235,5,74
238,6,74
241,6,74
244,5,74
247,6,74
250,5,74
253,5,74
256,5,74
259,5,74
261,6,74
264,5,74
267,5,74
270,6,74
273,5,74
276,5,74
279,5,74
282,5,74
285,5,75
288,5,75
291,5,75
294,5,75
295,5,75
295,5,76
295,5,77
295,6,78
295,6,79
294,5,79
293,5,79
292,5,79
291,5,79
290,5,79
288,5,79
286,5,79
284,5,79
282,5,79
280,5,79
277,5,79
274,5,79
271,5,79
268,6,79
265,5,79
262,5,79
258,5,79
255,5,79
252,5,79
249,5,79
246,6,79
243,6,79
240,5,79
236,6,79
233,5,79
230,5,79
227,5,79
223,5,79
220,6,79
217,5,79
214,5,79
210,5,79
207,5,79
204,5,79
201,6,79
198,5,79
195,5,79
192,5,79
189,6,79
186,6,79
183,6,79
180,6,79
177,6,79
174,7,79
171,7,79
168,7,79
165,7,79
162,6,79
159,6,79
156,6,79
153,6,79
150,6,79
146,6,79
144,6,79
140,5,79
138,5,79
134,6,79
131,6,79
128,5,79
125,5,79
122,5,79
119,6,80
116,5,80
113,5,80
110,5,80
107,5,80
104,5,80
101,6,80
98,6,80
95,6,80
93,6,80
90,6,80
88,6,80
85,6,80
82,6,80
78,6,80
75,6,80
72,6,80
69,6,80
66,6,80
63,6,79
60,6,79
56,6,79
53,6,79
50,6,79
47,7,79
44,7,79
42,7,79
39,7,79
37,7,79
34,7,79
31,7,79
28,7,79
25,7,80
21,7,80
18,7,80
15,7,80
13,7,80
10,7,80
8,7,80
5,7,80
3,7,80
4,7,81
4,7,82
4,7,83
4,7,84
5,7,85
6,7,85
7,7,85
8,7,85
9,7,85
10,7,85
12,7,85
13,7,85
16,7,85
18,7,85
20,7,85
23,7,85
26,7,85
29,7,85
32,7,85
35,7,85
38,7,85
41,7,85
44,7,85
47,7,85
50,7,85
53,6,85
57,6,85
60,6,85
63,6,85
66,6,85
69,6,85
72,6,85
76,6,85
79,6,85
82,6,85
85,6,85
88,6,85
91,5,85
95,5,85
98,6,85
101,5,85
104,5,85
107,5,85
111,5,85
114,5,86
117,5,86
120,5,86
123,5,86
126,5,86
129,5,86
132,5,86
135,5,86
138,5,86
141,6,86
144,6,86
147,6,86
150,6,86
153,6,86
156,6,86
159,6,86
162,7,86
165,7,86
168,7,86
171,7,86
174,7,85
177,6,85
180,6,85
183,6,85
186,6,85
190,5,85
193,5,85
196,5,85
199,5,85
202,5,85
205,5,85
209,5,85
212,6,85
215,5,85
218,6,85
221,5,85
224,5,85
228,5,85
231,5,85
234,6,85
237,5,85
239,6,85
240,6,85
241,5,85
242,5,85
243,5,85
245,5,85
246,5,85
248,5,85
250,5,85
253,5,85
255,6,85
258,6,85
261,5,85
264,5,85
267,5,85
270,6,85
273,5,85
276,5,85
278,5,85
281,5,85
283,6,85
286,6,85
289,5,85
292,6,85
295,5,84
296,5,84
296,5,85
296,5,86
296,5,87
295,5,88
295,5,89
294,5,90
293,5,90
292,5,90
291,5,90
289,5,90
288,5,90
286,5,90
284,5,90
282,5,90
279,5,90
277,5,90
274,5,90
271,5,90
267,5,90
264,5,90
261,5,90
258,5,90
254,6,90
251,5,90
248,6,90
245,5,90
242,5,90
238,5,90
235,5,90
232,5,90
229,5,90
225,5,90
222,6,90
219,5,90
216,5,90
213,5,90
210,5,90
207,5,90
204,5,90
201,5,90
198,5,90
195,5,90
192,6,89
189,5,89
186,6,89
183,6,89
180,6,89
177,6,89
174,7,89
171,7,89
168,7,89
165,7,89
162,7,89
159,7,89
156,6,89
153,6,89
150,6,89
148,6,89
145,6,89
142,6,89
139,6,89
136,5,89
133,5,89
130,5,89
127,5,89
124,6,89
121,6,89
118,5,89
115,5,89
112,5,89
109,5,89
106,5,90
102,5,90
99,6,90
96,5,90
93,5,90
90,5,90
87,6,90
84,6,90
81,6,90
77,6,90
74,6,90
71,6,90
68,6,90
65,6,90
62,6,90
59,6,90
56,7,90
54,7,90
51,7,90
48,7,90
45,7,90
42,7,90
39,7,90
36,7,90
33,7,90
30,7,90
27,7,89
24,7,89
21,6,89
19,6,90
16,6,90
13,6,90
11,6,90
8,6,90
5,6,90
4,6,89
4,6,90
4,6,91
4,6,92
4,6,93
4,6,94
5,6,94
6,6,94
7,6,94
8,6,94
10,6,94
11,6,94
12,6,94
13,6,94
15,6,94
16,6,94
17,6,94
19,6,94
21,6,94
24,6,94
26,6,94
29,6,94
31,7,94
34,7,94
37,7,94
40,7,94
43,7,94
47,7,94
50,7,94
53,7,94
56,7,94
59,7,94
62,6,94
65,6,94
68,6,94
71,6,94
75,6,94
78,6,94
81,6,94
84,6,94
87,5,94
91,6,94
94,5,94
97,5,94
100,6,94
104,5,94
106,5,94
110,6,94
113,5,94
116,5,94
119,6,94
122,5,94
125,5,94
128,5,94
131,5,94
134,5,94
137,6,94
140,6,94
143,6,94
146,6,94
148,6,94
152,6,94
155,6,94
158,7,94
161,7,94
164,7,94
167,7,94
170,7,94
173,7,94
176,6,94
179,6,94
182,6,94
185,6,94
188,6,94
191,5,94
194,6,94
198,5,94
201,5,94
204,6,94
207,5,94
209,5,94
212,5,94
215,5,94
218,5,94
221,5,94
224,5,94
227,5,94
230,5,94
233,6,94
236,5,94
239,6,94
242,6,94
245,5,94
248,5,94
251,5,94
254,6,94
257,6,94
260,5,94
262,6,94
265,5,94
268,5,94
271,5,94
274,5,94
277,5,94
280,5,94
283,5,94
286,5,94
289,5,94
291,5,94
293,5,94
295,5,95
297,5,95
296,6,95
296,5,96
296,5,97
295,5,98
295,5,99
294,5,100
294,5,101
293,5,102
292,6,102
291,5,102
290,5,102
289,5,102
288,5,102
286,5,102
284,5,102
282,5,102
280,5,102
278,5,102
275,5,102
272,5,102
269,5,102
266,5,102
263,5,102
260,5,102
257,6,102
254,5,102
251,5,102
248,6,102
245,5,102
242,5,102
239,5,102
236,5,102
233,5,102
230,5,102
227,5,102
224,5,101
220,5,101
217,5,101
214,5,101
211,5,101
208,5,101
205,5,101
202,6,101
199,6,101
196,5,101
193,6,101
190,5,101
187,6,101
184,6,101
181,6,101
178,6,101
174,6,101
171,7,101
168,7,101
165,7,101
162,7,101
159,7,101
156,6,101
153,6,101
150,6,101
147,6,101
144,6,101
141,6,101
138,6,101
135,5,101
132,5,101
129,5,101
126,5,101
123,5,101
120,5,101
117,6,101
114,5,101
111,5,101
107,5,101
104,5,101
101,5,101
98,5,101
95,5,101
92,5,101
90,6,101
87,6,101
85,6,101
82,6,101
79,6,101
75,6,101
72,6,101
69,6,101
66,6,100
63,6,100
60,7,100
57,7,100
54,7,100
51,7,100
48,7,100
45,7,100
42,7,100
40,7,100
38,7,100
35,6,100
32,6,100
29,6,100
26,6,100
23,6,100
20,6,100
17,6,100
14,5,100
11,5,100
8,5,100
5,6,100
4,5,100
4,5,101
4,5,102
4,6,103
4,5,104
5,5,105
6,5,105
7,5,105
8,5,105
9,5,105
10,5,105
12,5,105
14,5,105
16,6,105
18,5,105
21,5,105
23,5,105
26,6,105
29,6,105
32,6,105
35,6,105
39,6,105
42,7,105
45,7,105
48,7,105
51,7,105
54,7,105
57,7,105
60,7,105
63,7,105
66,7,105
69,6,105
72,6,105
75,6,105
78,6,105
81,6,105
85,6,105
88,6,105
91,5,105
94,5,106
97,5,106
100,5,106
103,5,106
106,5,106
109,5,106
112,5,106
115,5,106
118,5,106
121,5,106
124,5,106
127,5,106
130,5,106
133,5,106
136,5,106
139,6,106
142,6,106
145,6,106
148,6,106
151,6,106
155,6,106
158,7,106
161,7,106
164,7,106
166,7,106
169,7,106
171,7,106
174,6,106
177,6,106
180,6,106
183,6,106
186,6,105
189,6,105
192,5,105
196,5,105
199,6,105
202,5,105
205,5,105
208,5,105
211,5,105
214,5,105
217,5,105
220,5,105
223,5,105
226,5,105
230,5,105
233,5,105
236,5,105
239,5,105
242,5,105
244,5,105
246,5,105
249,5,105
252,5,105
255,6,105
258,5,105
261,5,105
264,5,105
267,5,105
270,5,105
273,5,105
276,6,105
279,5,105
281,5,105
282,5,105
283,5,105
284,5,105
285,6,105
287,5,105
288,5,105
290,5,105
292,5,104
294,6,104
295,5,104
295,5,105
295,5,106
295,5,107
295,6,108
295,5,109
294,5,109
293,5,109
292,5,109
290,5,109
289,6,109
287,5,109
286,5,109
284,5,109
281,5,109
279,5,109
276,5,109
274,5,109
271,6,109
268,5,109
265,5,109
262,6,109
258,5,109
255,5,109
252,5,109
249,5,109
246,6,109
243,5,109
240,5,109
237,5,109
234,5,109
231,5,109
228,5,109
225,5,109
221,5,109
218,6,109
215,5,109
212,5,109
209,5,109
206,5,109
203,6,109
200,6,109
197,5,109
194,6,109
191,6,109
188,5,109
185,6,109
182,6,109
179,6,109
175,6,109
172,6,109
169,7,109
166,7,109
163,7,109
160,7,109
157,7,109
154,6,109
151,6,109
148,6,109
144,6,109
141,6,109
138,6,109
135,6,109
132,5,109
129,5,109
126,5,109
123,5,109
120,5,109
117,5,109
114,6,109
111,5,109
108,5,109
105,5,109
102,5,109
99,5,109
96,6,109
92,6,109
89,6,109
86,6,109
83,6,109
80,6,109
77,6,109
74,6,109
71,6,109
68,7,109
65,7,109
62,7,109
59,7,109
56,7,109
54,7,109
51,7,109
48,7,109
45,7,109
42,7,109
39,6,109
36,6,109
33,6,109
30,6,109
27,6,109
24,5,109
21,5,109
18,5,110
15,5,110
13,5,110
10,6,110
7,5,110
4,5,110
2,5,110
3,5,111
3,6,112
4,5,113
4,5,114
5,5,114
6,6,114
7,6,114
8,5,114
10,5,114
11,6,114
13,5,114
15,5,114
17,5,114
20,5,114
22,5,115
25,5,115
28,5,115
31,6,115
34,6,115
37,6,115
40,6,115
43,6,115
46,7,115
49,7,115
52,7,115
55,7,115
58,7,115
61,7,115
64,7,115
67,7,115
71,7,115
74,6,115
77,6,115
80,6,115
83,6,115
86,6,115
89,6,115
92,6,115
94,6,115
97,6,115
100,5,115
103,5,115
106,5,115
109,5,115
112,5,115
115,5,115
118,5,115
121,6,115
124,5,115
127,5,115
130,5,115
133,6,115
136,6,115
139,6,115
142,6,115
145,6,115
148,6,115
151,6,115
154,7,115
158,7,115
161,7,115
164,7,115
167,7,115
170,7,115
173,6,115
177,6,115
180,6,115
183,6,115
186,6,115
189,5,115
192,5,115
195,5,115
198,5,115
201,6,115
204,5,115
207,5,115
211,5,115
214,5,115
217,5,115
220,5,115
223,5,115
226,5,115
229,5,115
232,5,115
236,5,115
238,5,115
241,5,115
244,5,115
246,5,115
250,6,115
253,5,115
256,5,115
259,5,115
262,5,115
265,5,115
268,6,115
271,5,115
274,5,115
276,5,115
279,5,115
282,5,115
284,5,115
288,6,115
291,5,115
294,5,115
296,5,115
297,6,115
296,5,116
296,5,117
295,5,118
294,5,119
294,5,121
293,5,121
292,5,121
291,5,121
290,5,121
288,5,121
287,5,121
285,5,121
283,5,121
280,5,121
278,5,121
275,6,121
272,6,121
269,5,121
266,5,121
263,5,121
260,6,121
256,5,121
253,6,121
250,5,121
247,5,121
244,5,121
241,5,121
237,6,121
234,5,121
231,5,121
228,6,121
225,5,121
222,5,121
219,6,121
216,5,121
213,5,121
210,6,121
207,5,121
204,5,121
201,5,121
198,5,121
195,5,121
193,5,121
190,5,121
187,6,121
184,6,121
181,6,121
178,6,121
175,6,121
172,6,121
168,7,121
165,7,121
162,7,121
159,7,121
156,7,121
153,7,121
150,6,121
147,6,121
144,6,121
141,6,120
138,6,120
135,6,120
131,6,120
128,6,120
125,6,120
122,6,120
119,5,120
116,5,120
113,5,120
110,5,120
107,5,120
104,5,120
101,5,120
98,6,120
96,6,120
93,6,120
90,6,120
88,6,120
84,6,120
81,6,120
78,6,120
75,6,120
72,7,120
69,7,120
66,7,120
63,7,120
60,7,120
57,7,120
54,7,120
51,7,120
48,7,120
44,6,120
41,6,120
38,6,120
35,6,120
33,6,120
30,6,120
28,5,120
25,5,120
22,5,120
19,5,120
15,5,120
12,5,120
9,5,119
6,5,119
4,5,119
3,5,119
3,5,120
4,5,121
4,6,122
4,5,123
4,5,124
5,5,125
6,5,125
7,6,125
8,5,125
10,5,125
11,5,125
13,5,125
15,6,125
17,5,125
20,5,125
22,5,125
25,5,125
28,5,125
31,6,125
34,6,125
37,6,124
40,6,124
43,6,124
47,6,124
50,7,124
53,7,124
56,7,124
59,7,124
61,7,124
64,7,124
66,7,124
69,7,124
72,7,124
75,6,124
78,6,124
81,6,124
84,6,124
87,6,124
90,6,124
93,6,124
96,6,124
99,6,125
102,6,125
105,5,125
108,6,125
111,5,125
114,5,125
118,6,125
121,5,125
124,5,125
127,6,125
130,6,125
133,6,125
136,6,125
139,6,125
142,6,125
145,6,125
148,6,125
152,7,125
155,7,125
158,7,125
161,7,125
164,7,125
167,7,125
170,7,125
173,6,125
176,6,125
180,6,125
182,6,125
186,6,125
189,5,125
192,5,125
195,5,125
199,5,125
202,5,125
205,5,125
208,5,125
211,5,125
214,5,125
217,5,125
220,5,125
223,5,125
226,5,125
228,5,125
231,5,125
234,5,125
237,6,125
241,6,125
244,6,125
247,6,125
250,6,125
254,6,125
257,6,125
260,6,125
263,6,125
266,6,125
269,6,124
271,6,125
274,6,125
277,6,125
280,6,125
283,6,125
286,6,125
289,6,125
292,6,125
295,5,125
296,6,125
296,5,126
296,6,127
295,6,128
295,6,129
294,6,130
293,6,130
292,6,130
291,6,130
290,6,130
289,6,130
287,6,130
285,6,130
283,6,130
281,6,130
278,6,130
276,6,130
273,6,130
270,6,130
267,6,130
264,6,130
261,6,130
258,6,130
254,6,130
251,6,131
248,6,131
245,6,131
242,6,131
239,6,131
236,6,131
233,6,131
230,6,131
227,6,131
224,6,131
221,6,131
218,6,131
215,6,131
211,6,131
208,5,131
205,5,131
202,5,131
199,6,131
196,6,131
193,6,131
190,6,131
186,6,131
183,6,131
180,6,131
177,6,131
174,6,131
171,6,131
168,7,131
164,7,131
161,7,131
158,7,131
155,7,131
152,7,131
149,7,131
146,6,131
143,6,131
140,6,131
137,6,131
134,6,131
130,6,131
127,6,131
125,6,131
122,6,131
120,6,131
117,6,131
114,5,131
111,6,131
108,5,131
104,6,131
101,6,131
98,6,130
95,6,130
92,6,130
89,6,130
86,6,130
83,6,130
79,6,130
76,6,130
73,7,130
70,7,130
67,7,130
64,7,130
62,7,130
59,7,130
56,7,130
53,7,130
50,7,130
47,6,130
44,6,130
41,6,130
38,6,130
35,6,130
32,5,130
29,5,130
26,6,130
23,5,130
20,5,130
17,5,130
15,5,130
13,5,130
11,6,130
9,5,130
8,5,130
7,5,130
5,5,129
5,5,130
5,5,131
5,6,132
5,5,133
5,5,134
4,5,135
5,6,135
6,5,135
7,5,135
8,5,135
9,5,135
10,5,135
12,6,135
14,5,135
16,5,135
18,6,135
21,5,135
23,5,135
26,5,135
29,5,135
32,6,135
35,5,135
39,6,135
42,6,135
45,6,135
48,6,135
51,7,135
54,7,135
57,7,135
60,7,135
63,7,135
66,7,135
69,7,135
72,7,135
75,7,135
78,6,135
82,6,135
85,6,135
88,6,135
91,6,135
94,6,135
97,6,135
100,6,134
103,6,134
107,6,134
110,6,134
113,6,134
116,6,134
119,6,134
122,6,134
125,6,134
129,6,134
132,6,134
135,6,134
138,6,134
141,6,134
144,6,134
146,7,134
149,7,134
152,7,134
154,7,134
157,7,134
161,7,134
164,7,134
167,7,134
170,7,134
173,6,134
176,6,134
179,6,134
182,6,134
185,6,134
189,6,134
192,6,134
195,6,134
198,6,135
202,6,135
205,6,135
208,6,135
210,6,135
213,6,135
217,6,135
220,6,135
223,6,135
226,6,135
229,6,135
232,6,135
236,6,135
239,6,135
242,6,135
245,6,135
248,6,135
250,6,135
253,6,135
256,6,135
259,6,135
262,6,135
265,6,135
268,6,135
271,6,135
274,6,135
277,6,134
281,6,134
283,6,134
285,6,134
287,6,134
288,6,135
290,6,135
291,6,135
292,6,135
293,6,135
294,6,135
295,6,134
295,6,135
295,6,136
295,6,137
295,6,138
295,6,139
294,6,140
293,6,140
292,6,140
291,6,140
289,6,140
288,6,140
286,6,140
284,6,140
282,6,140
280,6,140
277,6,140
275,6,140
272,6,140
269,6,140
265,6,140
262,6,140
259,6,140
256,6,140
253,6,140
250,6,140
247,6,140
244,6,140
241,6,140
237,6,140
234,6,140
231,6,140
228,6,140
225,6,140
222,6,140
218,6,140
215,6,140
212,6,140
209,6,140
206,6,140
203,6,140
200,6,140
196,6,140
193,6,140
190,6,140
187,6,140
184,6,140
181,6,140
177,6,140
174,6,140
171,7,140
168,7,140
165,7,140
162,7,140
159,7,140
156,7,140
153,7,140
150,7,140
146,7,140
143,7,140
140,7,140
137,6,140
134,6,140
131,6,140
128,6,140
125,6,140
121,6,140
118,6,140
115,6,140
112,6,140
108,6,140
105,6,141
102,6,141
99,6,141
96,6,141
92,6,141
89,6,141
86,6,141
83,6,141
80,7,141
77,7,141
74,7,141
71,7,141
68,7,140
66,7,140
63,7,140
60,7,140
57,7,140
54,7,140
51,6,140
47,6,140
44,6,140
41,6,140
38,5,140
35,5,140
32,6,140
29,5,140
26,6,140
24,5,140
22,5,140
20,5,140
19,5,140
18,6,140
17,5,140
15,5,140
14,5,140
12,5,140
10,5,140
7,5,140
5,6,140
3,6,140
3,5,141
4,5,142
4,5,143
5,5,145
6,5,145
7,5,145
8,5,145
9,5,145
11,5,145
12,5,145
14,5,145
16,5,145
18,5,145
21,5,145
24,5,145
26,5,145
30,5,145
33,5,145
36,5,145
39,5,145
42,6,145
45,6,145
49,6,145
52,6,145
54,7,145
57,7,145
61,7,144
64,7,144
67,7,144
70,7,144
73,7,144
76,7,144
79,7,144
83,6,144
86,6,144
89,6,144
92,6,144
95,6,144
98,6,144
102,6,144
104,6,144
107,6,144
109,6,144
113,6,144
116,6,144
119,6,144
122,6,144
125,6,144
129,6,144
132,6,144
135,6,144
138,7,144
142,7,144
145,7,144
148,7,144
151,7,144
154,7,144
157,7,144
160,7,144
163,7,144
167,7,144
170,7,144
173,7,145
176,7,145
179,6,145
182,6,145
185,6,145
188,6,145
191,6,145
194,6,145
197,6,145
200,6,145
204,6,145
207,6,145
210,6,145
213,6,145
216,6,145
219,6,145
223,6,145
226,6,145
229,6,145
232,6,145
235,6,145
238,6,145
242,6,145
245,6,145
247,6,145
250,6,145
252,6,145
255,6,145
258,6,145
261,6,145
264,6,145
267,6,145
270,6,145
274,6,145
276,6,144
279,6,144
282,6,144
284,6,144
287,6,144
290,6,145
294,6,145
297,6,145
299,6,145
300,6,146
300,6,147
300,6,148
299,6,148
298,6,148
297,6,148
297,6,149
295,6,149
294,6,150
293,6,150
292,6,150
291,6,150
290,6,150
288,6,150
287,6,150
285,6,150
283,6,150
281,6,150
278,6,150
276,6,149
273,6,149
270,6,149
266,6,149
263,6,149
260,6,149
257,6,149
254,6,149
251,6,149
248,6,149
245,6,149
242,6,149
240,6,149
237,6,149
234,7,149
231,7,149
228,7,149
224,7,149
221,6,149
218,6,149
215,6,149
212,6,149
208,6,149
205,6,149
202,6,149
199,6,150
196,6,150
192,6,150
189,6,150
186,6,150
183,7,150
179,7,150
176,7,150
173,7,150
170,7,150
166,7,150
163,7,150
160,7,150
157,7,150
153,7,150
150,7,150
147,7,150
144,7,150
141,7,150
138,7,150
135,7,150
132,7,150
130,7,150
127,6,150
124,6,150
121,6,150
118,6,150
115,6,150
112,6,150
110,6,150
107,6,150
103,6,150
100,6,150
97,6,150
94,6,150
91,6,150
88,6,149
85,6,149
83,7,149
82,7,150
81,7,150
80,7,150
79,7,150
77,7,150
76,7,150
74,7,150
72,7,150
69,7,150
67,7,150
64,7,150
62,7,150
59,7,150
56,7,150
53,6,150
50,6,150
46,6,150
43,6,150
40,6,150
37,6,150
35,6,150
33,5,150
31,5,150
30,6,150
29,6,150
28,5,150
26,5,150
24,6,150
22,5,150
20,5,150
17,5,150
15,5,149
12,6,149
10,5,149
8,5,149
6,5,150
5,5,150
5,5,151
5,5,152
5,6,153
5,5,154
4,5,156
5,5,156
5,6,155
6,5,155
7,5,155
8,5,155
9,6,155
10,5,155
12,5,155
14,5,155
16,5,155
18,5,155
20,5,155
23,5,155
26,6,155
29,6,155
32,6,155
35,6,155
39,6,155
42,6,155
45,6,155
48,6,155
51,6,155
54,6,155
58,7,155
61,7,155
64,7,155
67,7,155
70,7,155
73,7,155
76,7,155
79,7,155
83,7,155
86,7,155
89,6,155
92,6,155
96,6,155
99,6,155
102,6,155
105,6,155
108,6,155
112,6,155
115,6,155
118,6,155
121,6,155
125,7,154
128,7,154
131,7,154
134,7,154
138,7,154
141,7,154
144,7,154
147,7,154
150,7,154
154,7,154
157,7,154
160,7,154
163,7,154
167,7,154
170,7,154
173,7,154
176,7,154
178,7,154
180,7,154
183,7,154
186,7,154
189,7,154
192,7,154
195,7,154
198,7,154
202,7,154
205,7,154
208,7,154
211,7,154
213,7,154
216,7,154
220,7,154
223,7,154
226,7,154
229,7,154
232,7,155
235,7,155
239,7,155
242,7,155
245,7,155
248,7,155
251,7,155
254,7,155
257,7,155
259,7,155
260,7,155
261,7,155
262,7,155
264,7,155
265,6,155
267,7,155
269,6,155
271,7,155
274,6,155
276,6,155
279,6,154
282,6,154
285,7,154
287,6,154
290,6,154
292,7,155
295,7,155
298,7,155
297,7,155
297,7,156
296,7,156
296,7,157
295,7,158
294,7,160
294,7,161
293,7,161
292,7,161
291,7,161
290,7,161
289,7,161
287,7,161
286,7,161
284,7,161
281,7,161
279,7,161
276,7,161
274,7,161
271,7,161
267,7,161
264,7,161
261,7,161
258,7,160
256,7,160
253,7,160
250,7,160
247,7,161
244,7,161
241,7,161
238,7,161
235,7,161
231,7,161
228,7,161
225,7,161
222,7,161
218,7,161
215,7,161
212,7,161
209,7,161
205,7,161
202,7,161
199,7,161
196,7,161
193,7,161
189,7,161
186,7,161
183,7,161
180,7,161
176,7,161
173,7,161
170,7,161
167,7,161
164,7,161
161,7,161
157,7,161
154,7,161
151,7,161
148,7,161
145,7,161
142,7,161
139,7,161
135,7,161
132,7,161
129,7,161
126,7,161
123,7,161
120,7,161
117,7,161
115,7,161
112,6,161
109,6,161
106,6,161
103,6,161
100,6,161
97,6,160
94,6,160
91,7,160
87,7,160
84,7,160
81,7,160
79,7,160
76,7,160
74,7,160
71,7,160
68,7,160
64,7,160
61,7,160
59,7,160
56,6,160
53,6,160
50,6,160
47,6,160
44,6,160
40,6,160
37,6,160
34,6,160
31,5,160
29,5,160
26,5,160
24,5,160
21,6,160
18,5,160
14,5,160
11,5,160
8,5,159
6,6,159
4,5,159
3,5,159
3,5,160
4,5,160
4,5,161
4,5,162
4,5,163
4,5,164
5,5,164
6,5,164
7,5,164
8,5,164
10,6,164
11,6,164
13,5,164
15,5,164
17,5,164
19,5,164
22,5,164
25,5,164
28,5,164
31,5,164
34,5,164
37,6,164
41,6,164
44,6,164
47,6,164
50,6,164
53,6,164
56,6,164
60,7,164
63,7,164
66,7,164
69,7,164
72,7,164
76,7,165
79,7,165
82,7,165
85,7,165
89,7,165
92,7,165
95,7,165
99,7,165
102,7,165
105,7,165
108,7,165
111,7,165
115,7,165
118,7,165
121,7,165
124,7,165
127,7,165
130,7,165
133,7,165
136,7,165
139,7,165
143,7,165
146,7,165
149,7,165
152,7,165
155,7,165
158,7,165
162,7,165
165,7,165
168,7,165
171,7,165
174,7,165
177,7,165
180,7,165
183,7,165
186,7,165
189,7,165
192,7,165
195,7,165
199,7,165
202,7,165
205,7,165
208,7,165
211,7,165
214,7,165
217,7,165
220,7,165
223,7,165
227,7,165
230,7,165
233,7,165
236,7,165
239,7,165
242,7,165
245,7,165
248,7,165
251,7,165
255,7,165
258,7,165
261,7,165
264,7,165
267,7,165
270,7,165
273,7,165
276,7,165
279,7,165
281,7,165
284,7,165
287,7,165
290,7,165
293,7,164
296,7,164
298,7,165
299,7,165
300,7,166
299,6,166
298,7,166
297,7,165
296,7,165
295,7,165
295,7,166
295,6,167
295,6,168
295,6,169
294,6,170
293,6,170
292,6,170
291,6,170
290,6,170
289,6,170
287,6,170
285,6,170
283,6,170
281,6,170
278,6,170
275,6,170
272,6,170
270,6,170
267,6,170
265,6,170
262,6,170
259,6,170
256,6,170
252,6,170
249,6,170
246,6,170
243,6,170
240,6,170
237,6,170
233,6,170
230,6,170
227,6,170
224,6,170
221,6,170
217,6,170
214,6,170
211,6,170
208,6,170
205,6,170
201,6,170
198,6,170
195,6,170
192,6,170
188,6,170
185,6,170
182,6,170
179,6,170
176,6,170
173,6,170
169,6,170
166,6,170
163,7,170
160,7,170
156,7,170
153,7,170
150,7,170
147,7,170
144,7,171
141,7,171
138,7,171
136,7,170
133,7,170
130,7,170
127,7,170
124,7,170
121,7,170
117,7,170
114,7,170
111,7,170
108,7,170
105,7,170
102,7,170
99,7,170
96,7,170
93,7,170
90,7,170
87,7,170
85,7,170
82,7,170
79,7,170
76,7,170
73,7,170
70,7,170
67,7,170
64,7,170
61,7,170
58,7,170
55,6,170
52,6,170
49,6,170
46,6,170
43,6,170
40,6,170
37,5,170
34,5,170
31,5,170
29,5,170
26,5,170
23,5,170
20,6,170
17,5,170
14,5,170
11,5,170
8,6,169
6,5,169
3,5,169
1,5,170
0,5,170
2,5,170
3,5,170
5,6,169
6,5,170
6,5,171
5,6,172
5,5,173
5,5,174
4,5,175
5,5,175
6,5,175
7,5,175
9,6,175
10,6,175
11,5,175
13,6,175
15,5,175
17,5,175
20,5,175
22,5,175
25,5,175
28,5,175
31,5,175
35,5,175
38,5,175
41,6,175
44,6,175
47,6,175
51,6,175
54,6,175
57,6,175
60,7,175
64,7,175
67,7,175
70,7,175
73,7,175
76,7,175
79,7,175
82,7,175
86,7,175
89,7,175
92,7,175
95,7,175
99,7,175
102,7,175
105,7,175
108,7,175
111,7,175
114,7,175
117,7,175
120,7,175
123,7,175
126,7,175
129,7,175
133,7,175
136,7,175
139,7,175
142,7,175
145,7,175
148,7,175
151,6,175
154,6,175
157,6,175
160,6,175
163,6,175
166,6,175
169,6,175
172,6,175
175,6,175
179,6,175
182,6,175
185,6,175
188,6,175
192,6,175
195,6,175
198,6,175
201,6,175
204,6,175
207,6,175
211,6,175
213,6,175
216,6,175
218,6,175
221,6,175
224,6,175
227,6,175
230,6,175
233,6,175
236,6,175
239,6,175
242,6,175
245,6,175
248,6,175
251,6,175
254,6,175
257,6,175
260,6,175
264,6,175
267,6,175
269,6,175
271,6,175
274,6,175
277,6,175
280,6,175
283,6,175
286,6,175
289,6,175
292,6,175
294,6,175
295,6,175
295,6,176
295,6,177
295,6,178
295,6,179
294,6,180
293,6,180
292,6,180
291,6,180
290,6,180
288,6,180
287,6,180
285,6,180
283,6,180
281,6,180
278,6,180
276,6,180
273,6,180
270,6,180
267,6,180
264,6,180
261,6,180
258,6,180
255,6,180
251,6,180
248,6,180
245,6,180
242,6,180
239,6,181
236,6,181
232,6,181
229,6,181
226,6,181
223,6,181
220,6,181
217,6,181
214,6,181
211,6,181
207,6,181
204,6,181
201,6,181
198,6,181
195,6,181
192,6,181
189,6,181
185,6,181
182,6,181
179,6,181
176,6,181
173,6,181
169,6,181
166,6,181
163,6,181
160,6,181
157,6,181
154,6,181
150,6,181
147,6,181
144,6,181
141,6,181
138,6,181
135,6,181
133,7,181
130,7,181
127,7,181
123,7,181
120,7,181
117,7,181
114,7,180
111,7,180
108,7,180
105,7,180
102,7,180
99,7,180
96,7,180
93,7,180
89,7,180
86,7,180
83,7,180
80,7,180
77,7,180
74,7,180
71,7,180
68,7,180
65,7,180
63,7,180
60,7,180
57,6,180
54,6,180
51,6,180
48,6,180
45,6,180
42,6,180
39,5,180
36,5,180
33,6,180
30,5,180
27,5,180
24,5,180
21,5,180
18,5,180
15,5,180
13,5,180
10,5,180
7,5,180
4,5,179
1,5,179
1,5,180
2,5,181
2,5,182
3,5,183
4,5,184
5,6,184
6,5,184
7,5,184
9,5,184
10,5,184
12,5,184
13,5,184
15,6,184
18,5,184
20,5,184
23,5,184
26,5,184
29,5,184
32,6,184
35,5,184
38,5,184
42,5,184
45,6,184
48,6,184
51,6,184
54,6,184
58,6,184
61,7,184
64,7,184
67,7,184
71,7,184
74,7,184
77,7,184
80,7,184
83,7,185
87,7,185
90,7,185
93,7,185
96,7,185
100,7,185
103,7,185
106,7,185
109,7,185
112,7,185
115,7,185
118,7,185
121,7,185
124,7,185
127,6,185
130,6,185
133,6,185
136,6,185
139,6,185
142,6,185
145,6,185
148,6,185
151,6,185
154,6,185
157,6,185
160,6,185
164,6,185
167,6,185
170,6,185
173,6,185
177,6,185
180,6,185
183,6,185
186,6,185
189,6,185
192,6,185
195,6,185
199,6,185
202,6,185
205,6,185
208,6,185
211,6,185
214,6,185
217,6,185
220,6,185
223,6,185
226,6,185
229,6,185
232,6,185
235,6,185
237,6,185
240,6,185
242,6,185
246,6,185
249,6,185
252,6,185
255,6,185
258,6,185
261,6,185
264,6,185
267,6,185
270,6,185
273,6,185
276,6,185
278,6,185
281,6,185
284,6,185
287,6,185
290,6,185
293,6,185
296,6,185
298,6,185
299,6,184
300,6,184
298,6,184
297,6,184
296,6,184
295,6,184
293,6,186
294,6,186
294,6,187
294,6,188
294,6,189
295,6,190
294,6,190
293,6,190
292,6,190
291,6,190
290,6,190
289,6,190
287,6,190
285,6,190
283,6,190
280,6,190
278,6,190
275,6,190
272,6,190
269,6,190
267,6,190
264,6,190
261,6,190
257,6,190
254,6,190
251,6,190
248,6,189
245,6,189
242,6,189
239,6,189
236,6,189
233,6,189
229,6,189
226,6,189
223,6,189
220,6,189
217,6,189
214,6,189
211,6,189
208,6,189
205,6,189
202,6,189
199,6,189
196,6,189
193,6,189
190,6,189
187,6,189
184,6,189
180,6,189
177,6,189
174,6,189
171,6,189
168,6,189
165,6,189
162,6,189
159,6,189
156,6,189
152,6,189
149,6,189
146,6,189
143,6,189
140,6,189
137,6,189
133,6,189
130,6,189
127,6,189
124,6,189
121,6,189
118,7,189
115,7,189
112,7,189
110,7,189
107,7,189
104,7,189
101,7,189
98,7,189
95,7,189
92,7,189
89,7,189
85,7,189
82,7,189
79,7,189
76,7,189
73,7,189
70,7,189
67,7,189
64,7,189
61,7,189
58,6,189
55,6,189
52,6,189
49,6,189
46,6,190
43,6,190
41,6,190
38,5,190
35,5,189
32,5,189
30,5,189
27,5,189
23,6,189
20,5,189
17,5,189
14,5,189
12,5,189
9,5,189
7,5,189
4,5,189
3,5,189
3,5,190
4,5,191
4,5,192
4,5,193
4,5,194
5,6,195
6,5,195
7,6,195
8,5,195
9,5,195
10,5,195
12,5,195
14,5,195
16,6,195
18,5,195
21,6,195
23,5,195
26,5,195
29,5,195
32,5,195
36,5,195
39,6,195
42,6,195
45,6,195
48,6,195
52,6,195
55,6,195
58,6,195
61,7,195
64,7,195
68,7,195
71,7,195
74,7,195
77,7,195
81,7,195
84,7,195
87,7,195
90,7,195
93,7,196
96,7,196
99,7,196
102,7,196
105,7,196
108,6,196
111,6,196
114,6,196
117,6,196
120,6,196
124,6,196
127,6,196
130,6,196
133,6,196
136,6,196
139,6,196
141,6,196
144,6,196
147,6,196
150,6,196
153,6,196
156,6,195
159,6,195
162,6,195
165,6,195
168,6,195
172,6,195
175,6,195
178,6,195
181,6,195
184,6,195
187,6,195
190,6,195
193,6,195
196,6,195
199,6,195
202,5,195
205,6,195
208,6,195
211,6,195
215,6,195
218,6,195
221,6,195
224,6,195
227,6,195
230,5,195
233,6,194
237,6,194
240,6,194
242,6,194
244,6,194
246,6,194
247,6,194
248,6,194
249,6,194
251,6,194
252,6,194
254,6,194
256,6,195
259,6,195
261,6,195
264,6,195
267,6,195
270,6,195
273,6,195
276,6,195
279,6,195
281,6,195
284,6,195
287,6,195
289,6,195
293,6,194
296,6,194
298,6,194
300,6,195
300,6,196
299,6,196
298,6,196
297,6,195
296,6,195
295,6,195
294,6,194
294,6,195
294,5,196
294,6,197
294,5,198
294,6,199
295,5,200
294,6,200
293,5,200
292,5,200
291,5,200
290,5,200
288,5,200
287,5,200
285,5,200
283,6,200
280,6,200
278,6,200
275,5,200
272,6,200
269,6,200
266,6,200
263,6,200
260,6,200
257,6,200
254,6,200
251,5,200
248,5,200
244,5,200
241,6,200
238,5,200
235,5,200
232,5,200
229,5,200
226,5,200
223,5,200
220,5,200
217,5,200
214,5,200
211,6,200
208,5,200
205,5,200
202,5,200
199,5,200
196,5,200
193,6,200
190,5,200
187,5,200
184,5,200
181,6,200
178,6,200
175,6,200
172,6,200
169,6,200
166,6,200
163,6,200
160,6,200
157,6,200
154,6,200
151,6,200
148,6,200
145,6,200
141,6,200
138,6,200
135,6,200
132,6,200
129,6,200
126,6,201
123,6,201
120,6,201
117,6,201
114,6,201
110,6,201
107,6,201
105,6,201
102,6,201
100,6,200
97,7,200
94,7,200
91,7,200
88,7,200
85,7,200
82,7,200
79,7,200
76,7,200
73,7,200
70,7,200
67,7,200
64,7,200
61,7,200
57,6,200
54,6,200
51,6,200
48,6,200
45,6,200
42,6,200
39,5,200
37,5,200
34,5,200
32,5,200
29,5,200
26,5,200
22,5,200
19,5,200
16,5,200
13,6,200
10,5,200
7,5,200
5,5,200
5,5,201
5,5,202
5,5,203
5,5,204
4,5,205
5,5,205
6,6,205
7,5,205
9,5,205
10,5,205
11,5,205
13,5,205
15,6,205
17,5,205
20,5,205
22,5,205
25,5,205
27,5,205
29,5,205
31,5,205
34,5,205
37,5,205
40,6,205
43,6,205
46,6,205
49,6,205
52,6,205
55,6,205
58,7,205
62,7,205
65,7,205
68,7,205
71,7,205
74,7,205
77,7,205
80,7,205
83,7,205
86,7,205
90,7,205
93,7,205
96,6,205
99,6,205
102,6,205
105,6,205
108,6,205
111,6,205
114,6,205
118,6,205
121,6,205
124,6,205
127,6,205
130,6,205
132,5,205
135,5,205
137,6,205
140,6,205
144,5,205
147,5,205
150,5,205
153,6,205
156,6,205
159,5,205
162,5,205
165,6,205
168,5,205
171,5,205
174,5,205
177,6,205
180,5,205
183,5,205
186,5,205
189,6,205
192,5,205
195,5,205
199,5,205
202,5,205
205,5,205
208,5,205
211,6,205
214,5,204
217,5,204
220,5,204
223,5,204
227,5,204
230,6,204
233,5,204
235,6,204
238,5,204
240,5,204
243,6,204
246,5,204
249,5,204
252,5,204
256,5,204
259,5,204
262,5,205
265,5,205
268,5,205
271,5,205
274,5,205
277,6,205
279,5,205
282,5,205
285,5,205
287,6,205
290,5,204
293,5,204
297,5,204
299,5,204
300,5,205
300,5,206
299,6,206
298,5,206
298,5,205
297,5,205
296,5,205
295,5,205
294,5,204
294,5,205
294,5,206
294,5,207
294,5,208
294,5,209
295,5,210
294,6,210
293,5,210
292,5,210
291,5,210
290,5,210
289,5,210
287,5,210
285,6,210
283,5,210
280,5,210
278,6,210
275,5,210
272,6,210
269,5,210
265,5,210
262,6,210
259,5,210
256,6,210
253,5,210
250,5,210
247,6,210
244,6,210
241,5,210
238,5,210
235,5,209
232,5,209
229,5,209
226,6,209
222,5,209
219,5,209
216,5,209
213,5,209
210,5,209
207,5,209
204,5,209
201,6,209
197,5,209
194,5,209
191,5,209
188,5,209
185,6,209
182,5,209
179,5,209
176,5,209
173,5,209
170,5,209
167,5,209
164,6,209
161,5,209
158,5,209
156,5,209
153,5,209
151,5,209
148,6,209
145,5,209
142,5,209
139,5,209
136,5,209
133,5,209
130,5,209
127,5,209
124,5,209
121,6,209
118,6,209
115,6,209
112,6,209
108,6,209
105,6,209
103,6,209
100,6,209
96,6,209
93,6,209
90,7,209
87,7,210
84,7,210
82,7,210
79,7,210
76,7,210
74,7,210
71,7,210
68,7,209
64,7,209
61,7,209
58,7,209
55,6,209
52,6,209
49,6,209
46,6,209
43,6,209
40,6,209
37,5,209
34,5,209
32,5,209
29,5,209
26,5,209
23,5,209
20,5,209
17,5,209
14,6,210
11,5,210
8,5,210
5,5,210
3,5,210
2,5,210
1,5,210
2,5,211
2,5,212
3,5,212
3,5,213
4,6,213
4,6,214
5,5,215
6,6,215
7,5,215
8,5,215
9,5,215
10,5,215
12,5,215
14,5,215
16,6,215
18,5,215
20,5,215
23,5,215
25,5,214
28,6,214
31,5,214
35,5,214
38,6,214
41,6,214
44,6,214
47,6,214
50,6,214
53,6,214
56,6,214
59,7,214
62,7,214
65,7,214
68,7,214
72,7,214
75,7,214
78,7,214
81,7,214
84,7,214
88,7,214
91,6,214
94,6,214
97,6,214
100,6,214
103,6,214
106,6,214
109,6,214
112,5,214
116,5,214
119,5,214
122,6,214
125,5,214
128,5,214
131,5,214
134,5,214
137,5,214
140,5,214
143,5,214
146,5,214
149,5,214
152,5,214
155,6,214
158,5,214
161,6,214
165,5,214
168,5,214
171,5,214
174,5,214
177,5,214
180,6,214
183,5,214
186,5,214
189,5,214
193,5,214
196,5,214
199,5,214
202,6,214
205,5,214
208,6,214
211,5,214
214,5,214
217,5,214
220,5,214
223,5,214
225,5,214
228,5,214
231,5,214
234,5,214
237,5,214
240,5,214
243,5,214
246,5,214
249,5,214
252,5,214
255,5,214
258,5,214
261,5,214
264,5,214
267,5,214
270,5,214
273,5,215
276,5,215
278,5,215
281,5,215
284,6,214
287,5,214
290,5,214
293,5,214
296,5,214
299,5,214
300,5,215
300,5,216
299,5,216
298,5,216
297,5,215
296,6,215
295,5,215
294,5,214
293,5,215
294,5,215
294,6,216
294,6,217
294,5,219
295,5,220
294,5,220
293,5,220
292,5,220
291,5,220
290,5,220
288,5,220
286,5,220
284,5,220
282,5,220
280,5,220
277,5,220
274,5,220
272,5,220
269,5,220
266,5,220
263,5,220
260,5,220
257,5,220
254,5,220
251,6,220
248,6,220
245,5,220
242,5,220
238,6,220
235,6,220
232,5,220
229,5,220
225,5,220
222,5,220
219,5,220
216,5,220
212,5,220
209,5,220
206,5,220
203,6,220
200,5,220
197,5,220
193,5,220
190,5,220
187,5,220
184,5,220
181,5,220
177,5,220
174,5,220
171,5,220
168,6,220
165,6,220
162,5,220
159,5,220
156,5,220
153,6,220
150,5,220
147,5,220
144,5,220
141,5,220
138,5,220
135,5,220
132,6,220
129,6,220
126,6,220
123,6,220
120,6,220
117,6,220
114,6,220
111,6,220
108,5,220
104,5,220
101,6,220
98,6,220
95,6,220
92,6,220
89,6,220
86,7,220
83,7,220
80,7,220
77,7,220
74,7,220
71,7,220
68,7,220
65,7,220
61,7,220
58,7,220
55,6,220
52,6,220
49,6,220
46,6,220
43,6,220
40,6,220
37,6,220
34,5,220
31,5,220
28,5,220
25,5,220
22,5,220
19,5,220
16,5,220
13,6,220
10,5,220
7,5,220
4,5,220
2,5,220
3,5,220
3,5,221
3,5,222
4,5,223
4,5,224
5,5,225
6,5,225
7,5,225
8,5,225
9,5,225
11,5,225
12,5,225
14,6,225
16,6,225
18,5,225
20,6,225
23,5,225
26,5,225
29,6,225
32,6,225
35,6,225
38,6,225
41,6,225
44,6,225
47,6,225
50,6,225
53,6,225
56,6,225
59,7,225
62,7,225
65,7,225
68,7,225
71,7,225
74,7,225
77,7,225
80,7,225
83,7,225
87,6,225
90,6,225
93,6,225
96,6,225
99,5,225
102,5,225
105,6,225
108,6,225
111,6,225
114,6,225
117,6,225
120,6,225
123,6,225
126,6,225
129,6,225
133,6,225
136,6,225
139,6,225
141,6,225
144,6,225
146,6,225
149,5,225
153,5,225
156,5,225
159,5,225
162,5,225
165,5,225
168,5,225
171,5,225
175,5,225
178,5,225
181,5,224
184,6,224
187,5,224
190,5,224
194,5,224
197,6,224
200,5,224
202,5,224
205,5,224
208,5,224
211,5,224
214,5,224
217,5,224
220,5,224
223,6,224
226,5,224
229,6,225
232,6,225
235,5,225
239,5,225
242,5,225
245,5,225
248,5,225
251,5,225
254,5,225
256,6,225
259,5,225
262,6,225
265,5,225
268,5,225
271,5,225
274,6,225
277,5,225
280,5,225
283,5,224
286,5,224
289,5,224
292,5,224
295,5,224
297,5,224
298,5,225
299,5,225
298,5,226
297,5,227
296,5,228
295,5,229
294,5,229
293,5,229
292,5,229
291,5,229
289,6,229
287,5,229
286,5,229
283,5,229
281,5,229
279,6,229
276,5,229
273,5,230
270,5,230
267,5,230
264,5,230
261,5,230
259,5,230
257,5,230
255,5,230
254,5,230
253,5,230
252,5,230
251,5,230
249,5,230
247,5,230
245,5,230
243,5,230
240,5,230
237,5,230
234,5,230
231,5,229
228,5,229
225,6,229
222,5,229
219,5,229
216,5,229
212,5,229
209,6,229
206,6,229
203,5,229
200,5,229
197,6,229
194,5,229
190,6,229
187,5,229
184,5,229
181,5,229
178,5,229
174,5,229
171,5,229
168,5,229
165,6,229
161,6,229
158,6,229
155,6,229
152,6,229
149,6,229
146,6,229
142,6,229
139,6,229
136,6,229
133,6,229
130,6,229
128,6,229
125,7,229
122,7,229
119,7,229
116,7,229
114,6,229
111,6,229
109,6,229
106,6,229
103,6,229
100,5,229
97,5,229
94,6,229
90,6,229
87,6,229
84,6,229
81,7,229
78,7,229
75,7,229
72,7,229
69,7,229
66,7,229
63,7,229
59,7,229
56,6,229
53,6,229
50,6,229
47,6,229
44,6,229
41,6,229
38,5,229
35,5,229
32,5,229
29,5,229
26,5,229
23,5,229
20,5,229
17,5,229
14,5,230
11,5,230
8,5,230
5,5,230
3,5,230
3,5,231
4,6,231
4,5,232
4,5,233
4,5,234
5,5,235
6,5,235
7,6,235
8,5,235
9,5,235
11,5,235
13,5,235
14,5,235
16,5,235
18,5,235
21,5,235
23,5,235
26,6,235
29,6,235
32,6,235
35,5,235
38,6,235
41,6,235
44,6,235
47,6,235
51,6,235
54,6,235
57,6,235
60,7,235
63,7,235
66,7,235
69,7,235
72,7,235
75,7,235
78,7,235
81,7,235
85,6,235
88,6,235
91,6,235
94,6,235
97,6,235
100,6,234
103,6,234
106,6,234
109,7,234
112,7,234
115,7,234
118,7,234
122,7,234
125,7,234
128,7,234
131,7,234
134,7,234
137,7,234
140,6,234
143,6,234
146,6,234
150,6,234
153,6,234
156,6,234
159,6,234
162,6,234
166,6,234
169,6,234
172,6,234
175,5,234
178,5,234
181,5,234
184,6,234
187,6,234
190,5,234
193,5,234
196,5,234
199,6,234
202,5,234
205,5,234
208,6,234
211,5,234
214,6,234
217,5,234
221,6,234
224,5,234
227,5,234
230,5,234
233,5,234
236,6,234
239,5,234
242,6,234
245,5,235
248,6,235
251,5,235
254,5,235
257,5,235
260,5,235
264,5,235
267,6,235
270,5,235
273,5,235
276,5,235
279,5,235
282,5,235
285,6,235
288,6,235
291,5,235
294,5,235
297,5,235
296,5,236
296,5,237
295,5,238
295,5,239
294,5,240
293,5,240
292,6,240
290,6,240
289,5,240
288,5,240
286,5,240
284,5,240
282,5,240
280,5,240
277,5,240
274,5,240
271,5,240
268,5,240
265,5,240
262,6,240
259,6,240
256,5,240
253,5,240
250,6,240
246,5,240
243,5,240
240,5,240
237,6,240
234,5,240
231,5,240
228,5,240
225,5,240
222,6,240
219,5,240
216,5,240
213,6,240
210,6,240
207,6,239
203,5,239
200,5,239
197,5,239
194,5,239
191,6,239
188,5,239
185,5,239
182,6,239
178,6,239
175,6,239
172,6,239
169,6,239
166,6,239
163,6,239
160,6,239
156,6,239
153,6,239
150,7,239
147,7,239
144,7,239
141,7,239
138,7,239
135,7,239
131,7,239
128,7,239
125,7,239
122,7,239
119,7,239
116,7,239
113,7,239
110,7,239
106,7,239
103,6,239
100,6,239
97,6,239
94,6,239
91,6,239
88,6,239
85,6,239
82,7,239
79,7,239
76,7,239
73,7,239
70,7,239
67,7,239
64,7,239
61,7,239
58,7,239
55,6,239
52,6,239
49,6,239
46,6,239
43,5,239
39,6,239
36,6,239
33,5,239
31,5,239
28,5,239
26,5,239
24,5,239
23,6,239
21,5,239
20,5,239
19,6,239
17,6,239
15,5,239
13,5,239
11,5,239
10,5,239
8,5,239
6,5,239
4,6,239
2,5,239
0,5,240
0,5,241
0,5,242
1,5,242
1,5,243
2,5,243
3,5,244
5,5,245
6,5,245
7,5,245
8,5,245
10,5,245
11,5,245
13,5,245
15,5,245
17,5,245
20,6,245
22,5,245
25,5,245
28,5,245
31,6,245
34,6,245
37,5,245
40,6,245
43,6,245
46,6,245
49,6,245
52,6,245
55,6,245
58,7,245
61,7,245
64,7,245
67,7,245
70,7,245
73,7,245
77,7,245
80,7,245
83,7,245
86,6,245
89,6,245
92,6,245
95,6,245
98,6,245
101,6,245
105,6,245
108,7,245
111,7,245
114,7,245
117,7,245
120,7,244
123,7,244
126,7,244
129,7,244
132,7,244
135,7,244
138,7,244
141,7,244
144,7,244
147,7,244
150,7,244
153,7,244
156,7,244
160,7,244
163,6,244
166,6,244
169,6,244
172,6,244
175,6,244
179,6,244
182,6,244
185,5,244
188,5,244
191,5,244
194,5,244
197,5,244
200,5,244
203,5,244
206,5,244
209,5,244
212,6,244
215,5,244
218,5,244
221,5,244
224,5,244
227,5,244
231,5,244
234,5,244
237,5,244
240,5,244
243,5,244
246,5,244
249,5,244
252,5,244
255,5,244
258,5,244
261,5,244
265,5,244
268,5,244
270,5,244
273,5,244
275,5,244
278,5,244
281,5,244
284,5,244
287,5,244
290,6,245
292,5,245
294,5,245
296,5,245
296,5,246
296,5,247
295,5,247
295,5,248
295,5,249
294,6,250
293,5,250
293,6,249
292,5,249
290,5,249
289,6,249
287,6,249
285,5,249
283,5,249
281,5,249
278,5,249
276,5,249
273,5,249
270,5,249
267,6,249
264,5,249
261,5,249
258,6,249
254,5,249
251,5,249
248,5,249
245,5,249
242,5,249
239,6,249
235,6,249
232,6,249
229,6,249
226,5,249
223,5,249
220,6,249
216,5,249
213,5,249
210,5,249
207,5,249
204,5,249
201,6,249
198,5,249
195,5,249
191,6,249
188,5,249
185,6,249
182,6,249
179,6,249
176,6,249
173,6,249
170,6,249
167,6,249
164,7,249
162,7,249
159,7,249
156,7,249
153,7,249
150,7,249
147,7,249
144,7,249
141,7,249
138,7,249
135,7,249
131,7,249
128,7,249
125,7,249
122,7,249
119,7,249
116,7,249
113,7,249
110,7,249
107,7,250
104,6,250
102,6,250
99,6,250
97,6,249
94,6,249
91,6,249
88,6,249
85,6,249
81,7,249
78,7,249
75,7,249
72,7,249
69,7,249
66,7,249
63,7,249
60,7,249
57,6,249
55,6,249
52,6,249
49,6,249
46,6,249
43,6,249
40,6,249
37,5,249
34,5,249
31,5,249
28,5,250
25,5,250
22,5,250
19,5,250
16,5,250
14,5,250
13,5,250
12,5,250
10,6,250
9,5,250
8,6,250
6,5,249
4,5,249
3,5,249
3,5,250
3,6,251
4,5,251
4,5,252
4,6,253
5,5,255
6,5,255
7,5,255
8,5,255
9,5,255
11,5,255
13,5,255
15,5,255
17,5,255
19,5,255
22,5,255
25,5,255
28,5,255
30,5,255
33,5,255
36,5,255
39,5,255
43,6,255
46,6,255
49,6,255
52,6,255
55,6,255
58,6,255
61,7,255
64,7,255
67,7,255
69,7,255
72,7,255
75,7,255
79,7,255
82,7,255
85,6,255
88,6,255
91,6,255
94,6,255
97,6,255
100,6,255
103,6,255
106,7,255
109,7,255
112,7,255
115,7,255
118,7,255
121,7,255
125,7,255
128,8,255
131,7,255
134,7,255
137,7,255
141,7,255
144,7,255
147,7,255
150,7,255
153,7,255
156,7,255
160,7,255
163,7,255
166,7,255
169,7,255
172,7,254
175,6,254
178,6,254
181,6,254
184,6,254
187,5,254
190,6,254
193,5,254
197,5,254
200,5,254
203,5,254
206,6,254
209,5,254
212,5,254
215,5,254
218,5,254
221,5,254
224,5,254
227,5,254
230,5,254
233,6,254
236,5,254
239,6,254
242,5,254
245,5,254
248,5,254
251,5,254
253,5,254
256,5,254
259,6,254
262,5,254
265,5,254
267,5,254
271,5,254
274,5,254
277,5,254
280,5,255
282,5,255
285,5,255
287,5,255
290,5,255
293,5,255
296,5,255
299,5,254
300,6,254
300,5,252
299,6,251
299,5,252
298,5,252
297,5,253
296,5,254
295,5,254
293,6,256
293,5,257
294,5,258
294,5,259
295,5,260
294,5,260
293,6,260
292,5,260
291,5,260
289,5,260
288,5,260
286,5,260
284,5,260
282,5,260
279,5,260
277,6,260
274,5,260
271,5,260
268,5,260
265,5,260
262,5,260
259,5,260
256,5,260
253,5,260
250,5,260
247,5,260
244,5,260
241,5,260
237,5,260
234,5,260
231,5,260
228,5,260
225,5,260
222,5,260
219,5,260
216,5,260
213,5,260
209,5,260
206,5,260
203,5,260
200,5,260
197,5,260
194,5,260
191,6,260
188,6,260
185,6,260
181,6,260
178,6,260
175,7,260
172,7,260
169,7,260
166,7,260
163,7,260
160,7,260
157,7,260
154,7,260
151,7,260
148,7,260
145,7,260
142,7,260
139,7,260
136,7,260
133,7,260
130,7,260
126,7,260
123,7,260
120,7,260
117,7,260
114,7,260
111,7,260
108,7,260
105,7,260
102,7,260
99,6,260
96,6,260
93,6,260
90,6,260
87,6,260
84,6,260
81,7,260
77,7,260
74,7,260
71,7,260
68,7,260
65,7,260
62,7,260
59,7,260
56,6,260
53,6,260
50,6,260
47,6,260
44,6,260
41,6,260
38,5,260
35,5,260
32,5,260
29,5,260
25,5,260
22,5,260
19,5,260
16,6,260
13,5,260
10,6,260
9,5,260
7,5,260
5,5,259
5,6,260
5,5,261
5,5,262
5,6,263
5,5,264
6,5,264
7,5,264
8,5,264
9,5,264
11,5,264
13,5,264
15,5,264
17,5,264
19,5,264
22,5,264
25,5,264
28,5,264
31,5,264
34,5,264
37,5,264
40,6,264
43,6,264
46,6,264
49,6,264
52,6,264
55,6,264
58,6,264
61,7,264
64,7,264
67,7,264
70,7,264
74,7,264
77,7,264
80,7,264
83,6,264
86,6,264
88,6,264
91,6,264
95,6,264
98,6,264
101,7,264
104,7,264
106,7,264
109,7,264
111,7,264
114,7,264
117,7,264
120,7,264
123,7,264
126,7,264
129,7,264
132,7,264
135,7,264
139,7,264
142,7,264
145,7,264
148,7,264
151,7,264
154,7,264
157,7,264
159,7,264
161,7,264
163,7,264
164,7,264
165,7,264
166,7,264
168,7,264
169,7,264
171,7,264
174,7,264
176,7,264
178,7,264
181,6,264
184,6,264
187,6,264
190,6,264
193,5,264
197,5,264
200,5,264
203,5,264
206,5,264
209,5,264
212,6,264
215,5,264
217,5,264
220,5,264
223,5,264
227,5,264
230,5,264
233,5,264
236,5,264
239,6,264
242,5,264
245,5,264
248,5,264
251,5,264
255,5,264
258,5,264
261,5,264
264,5,264
267,5,264
269,5,264
272,5,264
275,5,264
278,5,264
281,5,264
284,6,264
287,6,264
289,6,264
292,6,264
295,5,264
297,6,265
297,5,266
296,5,266
296,6,267
295,6,268
294,5,270
294,5,271
293,5,271
292,5,271
291,5,271
290,5,271
288,5,271
287,5,271
285,5,271
283,5,271
281,5,271
279,5,271
276,6,271
273,5,271
270,5,271
267,5,271
264,5,271
261,5,271
258,6,271
255,5,271
252,5,271
249,5,271
246,5,271
243,5,271
241,5,271
238,5,271
235,5,271
232,5,271
229,5,270
226,5,270
223,5,270
220,5,270
217,5,270
214,5,270
211,5,270
208,5,270
205,5,270
201,6,270
198,6,270
195,6,270
192,6,270
189,6,270
186,6,270
183,7,270
180,7,270
177,7,270
174,7,270
171,7,270
168,7,270
165,7,270
162,7,270
159,7,270
156,7,270
153,7,270
150,7,270
147,7,270
144,7,270
142,7,270
139,7,270
135,7,270
132,7,270
129,7,270
126,7,270
123,7,270
120,7,270
117,7,270
114,7,270
111,7,269
107,7,269
104,7,269
101,7,269
98,7,269
95,7,269
92,6,269
89,6,269
86,6,269
83,6,269
80,7,269
78,7,269
75,7,269
73,7,269
70,7,269
67,7,269
64,7,269
61,7,269
58,7,269
55,6,270
52,6,270
49,6,270
45,6,270
43,6,270
40,6,270
38,5,270
35,5,270
32,5,270
29,5,270
26,5,270
23,5,269
20,6,269
17,5,269
14,6,269
11,6,269
9,5,269
8,5,270
6,5,270
5,5,270
5,5,271
5,5,272
5,5,273
5,5,274
6,5,274
7,5,274
8,6,274
9,5,274
10,5,274
12,5,274
14,5,274
16,5,274
18,5,274
21,6,274
24,5,274
27,5,274
30,5,274
33,5,274
36,5,274
39,5,274
42,6,274
45,6,274
48,6,274
51,6,274
54,6,274
57,7,275
60,7,275
62,7,275
64,7,275
66,7,275
68,7,275
70,7,275
73,7,275
75,7,275
78,7,275
81,7,275
84,6,275
87,6,275
90,7,275
93,7,275
96,7,275
99,7,275
102,7,275
105,7,275
108,7,275
111,7,275
114,7,275
117,7,275
120,7,275
123,7,275
126,7,275
129,7,275
132,7,275
135,7,275
138,7,275
140,7,275
144,7,275
147,7,275
150,7,275
153,7,275
156,7,275
158,7,275
161,7,275
164,7,275
167,7,275
170,7,275
173,7,275
176,7,275
179,7,275
182,7,275
185,7,275
188,6,275
191,6,275
194,6,275
197,6,275
200,5,275
203,5,275
206,5,275
209,5,275
212,5,275
216,6,275
219,5,275
222,5,275
225,6,275
228,5,275
231,5,275
234,5,275
237,5,275
240,5,274
243,5,274
246,6,274
249,5,274
252,5,274
255,5,274
257,5,274
260,6,274
263,5,274
266,6,274
269,5,274
272,6,274
275,5,274
278,5,275
281,5,275
284,5,275
288,5,275
290,6,275
292,5,275
294,5,274
296,5,274
297,5,275
298,5,275
299,6,275
299,5,276
298,5,276
298,5,277
297,5,277
296,5,278
295,5,279
294,5,280
293,5,280
292,5,280
291,5,280
290,5,280
289,5,280
287,5,280
285,5,280
283,5,280
281,5,280
279,6,280
276,5,280
273,5,280
270,5,280
267,5,280
264,6,280
261,5,280
258,6,280
255,5,280
252,5,280
249,5,280
245,5,280
242,5,280
239,5,280
236,5,280
233,6,280
230,5,280
226,5,280
223,5,280
220,5,280
217,5,280
214,5,280
211,6,280
207,6,280
204,5,280
201,5,280
198,6,280
195,6,280
192,6,280
188,6,280
185,7,280
182,7,280
179,7,280
176,7,280
173,7,280
170,8,280
167,7,280
164,7,280
161,7,280
157,7,280
154,7,280
151,7,280
148,7,280
145,7,280
142,7,280
139,7,280
136,7,280
133,7,280
130,7,280
127,7,280
124,7,280
121,7,280
118,7,280
115,7,280
112,7,280
109,7,280
106,7,280
102,7,280
99,7,280
96,7,280
93,7,280
91,7,280
89,7,280
86,6,280
83,7,280
80,7,280
77,7,280
74,7,280
71,7,280
68,7,280
65,7,280
62,7,280
59,7,279
56,7,279
53,6,278
52,6,278
51,6,278
50,6,278
49,6,278
48,6,278
47,6,278
45,6,278
44,6,278
42,6,278
40,6,278
39,5,278
37,5,278
36,5,279
34,5,279
32,5,279
30,6,279
27,5,279
24,5,279
22,5,279
19,5,279
16,5,279
13,5,279
10,6,279
7,5,279
5,5,279
4,5,280
4,5,281
4,6,282
4,5,283
4,5,284
5,5,285
6,5,285
7,5,285
8,5,285
9,5,285
11,5,285
12,5,285
14,5,285
16,5,285
18,5,285
21,6,285
23,5,285
26,5,285
29,5,285
32,5,285
35,5,285
38,5,285
41,6,285
45,6,285
48,6,285
51,6,285
54,6,285
57,6,285
60,7,285
63,7,285
66,7,285
69,7,285
72,7,285
75,7,285
78,7,285
81,7,285
84,6,285
88,7,285
91,7,285
94,7,285
97,7,285
100,7,285
103,7,285
106,7,285
109,7,285
112,7,285
115,7,285
118,7,285
122,7,285
125,7,285
128,7,285
131,7,285
134,7,285
137,7,285
140,7,285
144,7,285
147,7,285
150,7,285
153,7,285
156,7,285
159,7,284
162,7,284
165,7,284
168,7,284
171,7,284
174,7,284
177,7,284
180,7,284
183,7,284
187,7,284
189,6,284
192,6,284
195,6,284
198,5,284
202,5,284
205,5,284
208,5,284
211,5,284
214,5,284
217,6,284
220,5,284
224,5,284
227,5,284
230,5,284
233,5,284
236,6,284
239,5,284
242,5,284
246,5,284
249,5,284
252,5,284
254,5,284
257,5,284
259,5,284
262,5,284
265,5,284
268,6,284
271,6,284
274,5,284
277,6,284
280,5,284
283,5,285
286,5,285
289,5,285
291,5,285
294,5,285
296,5,284
296,5,285
296,6,286
295,5,286
295,5,287
295,5,288
295,5,289
294,5,289
293,6,289
292,5,289
291,5,289
290,5,289
288,5,289
286,5,289
285,5,289
283,5,289
280,5,289
278,5,289
275,5,289
272,5,289
269,5,289
266,5,289
263,5,289
260,5,289
257,6,289
254,5,289
251,5,289
248,5,289
245,5,289
242,5,289
239,5,289
236,5,289
233,6,289
230,6,289
227,5,289
224,5,289
221,5,289
218,6,289
215,5,289
212,5,289
209,5,289
205,6,289
202,5,289
199,5,289
196,6,289
193,6,289
190,6,289
187,6,289
184,7,289
181,7,289
178,7,289
175,7,289
172,7,289
169,7,289
166,7,289
163,7,289
159,7,289
156,7,289
153,7,289
150,8,289
147,7,289
144,7,289
141,7,289
137,7,289
134,7,289
131,7,289
128,7,289
125,7,289
122,7,289
119,7,289
116,7,289
113,7,289
110,7,289
107,7,289
104,7,289
101,7,289
98,7,289
95,7,289
92,7,289
89,6,289
86,6,289
83,6,289
80,7,289
77,7,289
74,7,289
70,7,289
67,7,289
64,7,289
61,7,289
58,7,289
55,6,289
52,6,289
49,6,289
46,6,289
43,6,289
40,5,289
37,5,289
34,5,289
31,6,289
28,5,289
26,5,289
23,5,289
20,5,289
17,5,289
14,5,289
11,5,289
8,5,289
5,5,290
4,5,290
4,5,291
4,5,292
4,5,293
4,6,294
5,6,295
6,5,295
7,5,295
8,5,295
9,5,295
10,5,295
12,5,295
14,5,295
16,6,295
18,5,295
20,5,295
23,5,295
25,5,295
28,5,295
31,6,295
34,5,295
37,5,295
41,5,295
44,6,295
47,6,295
50,6,295
53,6,295
56,6,295
59,7,295
62,7,295
65,7,295
68,7,295
71,7,295
74,7,295
78,7,295
81,6,295
84,6,295
87,6,295
90,6,295
93,6,295
96,7,295
99,7,295
100,7,295
102,7,295
104,7,295
105,7,295
106,7,295
107,7,295
108,7,295
109,7,295
111,7,295
112,7,295
114,7,295
117,7,295
119,7,295
121,7,295
124,7,295
127,7,296
130,7,296
133,7,296
136,7,296
138,7,296
141,7,296
143,7,295
146,7,295
149,7,295
152,7,295
155,7,295
158,7,295
161,7,295
164,7,295
167,7,295
170,7,295
173,7,295
176,7,295
179,7,295
182,7,295
185,6,295
188,6,295
191,6,295
194,6,295
197,5,295
200,5,295
203,6,295
206,5,295
210,5,295
213,5,295
216,5,295
219,5,295
222,5,295
225,5,295
228,5,294
231,5,294
234,5,294
237,5,294
240,5,294
243,6,294
246,5,294
248,5,294
251,6,294
253,5,294
256,5,294
259,6,294
263,5,294
266,5,294
269,5,294
272,5,295
275,5,295
278,5,295
281,5,295
284,5,295
286,5,295
288,6,295
290,5,295
292,5,294
293,5,294
294,5,294
